{
  "egvs": [
    {
      "systemTime": "2025-08-01T01:30:00",
      "value": 104
    },
    {
      "systemTime": "2025-08-01T02:00:00",
      "value": 108
    },
    {
      "systemTime": "2025-08-01T03:30:00",
      "value": 112
    },
    {
      "systemTime": "2025-08-01T04:00:00",
      "value": 116
    },
    {
      "systemTime": "2025-08-01T05:30:00",
      "value": 120
    },
    {
      "systemTime": "2025-08-01T06:00:00",
      "value": 124
    },
    {
      "systemTime": "2025-08-01T07:30:00",
      "value": 128
    },
    {
      "systemTime": "2025-08-01T08:00:00",
      "value": 132
    },
    {
      "systemTime": "2025-08-01T09:30:00",
      "value": 136
    },
    {
      "systemTime": "2025-08-01T10:00:00",
      "value": 100
    },
    {
      "systemTime": "2025-08-01T11:30:00",
      "value": 104
    },
    {
      "systemTime": "2025-08-01T12:00:00",
      "value": 111
    },
    {
      "systemTime": "2025-08-01T13:30:00",
      "value": 112
    },
    {
      "systemTime": "2025-08-01T14:00:00",
      "value": 116
    },
    {
      "systemTime": "2025-08-01T15:30:00",
      "value": 120
    },
    {
      "systemTime": "2025-08-01T16:00:00",
      "value": 124
    },
    {
      "systemTime": "2025-08-01T17:30:00",
      "value": 128
    },
    {
      "systemTime": "2025-08-01T18:00:00",
      "value": 132
    },
    {
      "systemTime": "2025-08-01T19:30:00",
      "value": 136
    },
    {
      "systemTime": "2025-08-01T20:00:00",
      "value": 100
    },
    {
      "systemTime": "2025-08-01T21:30:00",
      "value": 104
    },
    {
      "systemTime": "2025-08-01T22:00:00",
      "value": 108
    },
    {
      "systemTime": "2025-08-01T23:30:00",
      "value": 112
    },
    {
      "systemTime": "2025-08-01T00:00:00",
      "value": 119
    },
    {
      "systemTime": "2025-08-01T01:30:00",
      "value": 120
    },
    {
      "systemTime": "2025-08-01T02:00:00",
      "value": 124
    },
    {
      "systemTime": "2025-08-01T03:30:00",
      "value": 128
    },
    {
      "systemTime": "2025-08-01T04:00:00",
      "value": 132
    },
    {
      "systemTime": "2025-08-01T05:30:00",
      "value": 136
    },
    {
      "systemTime": "2025-08-01T06:00:00",
      "value": 100
    },
    {
      "systemTime": "2025-08-01T07:30:00",
      "value": 104
    },
    {
      "systemTime": "2025-08-01T08:00:00",
      "value": 108
    },
    {
      "systemTime": "2025-08-01T09:30:00",
      "value": 112
    },
    {
      "systemTime": "2025-08-01T10:00:00",
      "value": 116
    },
    {
      "systemTime": "2025-08-01T11:30:00",
      "value": 120
    },
    {
      "systemTime": "2025-08-01T12:00:00",
      "value": 127
    },
    {
      "systemTime": "2025-08-01T13:30:00",
      "value": 128
    },
    {
      "systemTime": "2025-08-01T14:00:00",
      "value": 132
    },
    {
      "systemTime": "2025-08-01T15:30:00",
      "value": 136
    },
    {
      "systemTime": "2025-08-01T16:00:00",
      "value": 100
    },
    {
      "systemTime": "2025-08-01T17:30:00",
      "value": 104
    },
    {
      "systemTime": "2025-08-01T18:00:00",
      "value": 108
    },
    {
      "systemTime": "2025-08-01T19:30:00",
      "value": 112
    },
    {
      "systemTime": "2025-08-01T20:00:00",
      "value": 116
    },
    {
      "systemTime": "2025-08-01T21:30:00",
      "value": 120
    },
    {
      "systemTime": "2025-08-01T22:00:00",
      "value": 124
    },
    {
      "systemTime": "2025-08-01T23:30:00",
      "value": 128
    },
    {
      "systemTime": "2025-08-02T00:00:00",
      "value": 135
    },
    {
      "systemTime": "2025-08-02T01:30:00",
      "value": 136
    },
    {
      "systemTime": "2025-08-02T02:00:00",
      "value": 100
    },
    {
      "systemTime": "2025-08-02T03:30:00",
      "value": 104
    },
    {
      "systemTime": "2025-08-02T04:00:00",
      "value": 108
    },
    {
      "systemTime": "2025-08-02T05:30:00",
      "value": 112
    },
    {
      "systemTime": "2025-08-02T06:00:00",
      "value": 116
    },
    {
      "systemTime": "2025-08-02T07:30:00",
      "value": 120
    },
    {
      "systemTime": "2025-08-02T08:00:00",
      "value": 124
    },
    {
      "systemTime": "2025-08-02T09:30:00",
      "value": 128
    },
    {
      "systemTime": "2025-08-02T10:00:00",
      "value": 132
    },
    {
      "systemTime": "2025-08-02T11:30:00",
      "value": 136
    },
    {
      "systemTime": "2025-08-02T12:00:00",
      "value": 103
    },
    {
      "systemTime": "2025-08-02T13:30:00",
      "value": 104
    },
    {
      "systemTime": "2025-08-02T14:00:00",
      "value": 108
    },
    {
      "systemTime": "2025-08-02T15:30:00",
      "value": 112
    },
    {
      "systemTime": "2025-08-02T16:00:00",
      "value": 116
    },
    {
      "systemTime": "2025-08-02T17:30:00",
      "value": 120
    },
    {
      "systemTime": "2025-08-02T18:00:00",
      "value": 124
    },
    {
      "systemTime": "2025-08-02T19:30:00",
      "value": 128
    },
    {
      "systemTime": "2025-08-02T20:00:00",
      "value": 132
    },
    {
      "systemTime": "2025-08-02T21:30:00",
      "value": 136
    },
    {
      "systemTime": "2025-08-02T22:00:00",
      "value": 100
    },
    {
      "systemTime": "2025-08-02T23:30:00",
      "value": 104
    },
    {
      "systemTime": "2025-08-02T00:00:00",
      "value": 111
    },
    {
      "systemTime": "2025-08-02T01:30:00",
      "value": 112
    },
    {
      "systemTime": "2025-08-02T02:00:00",
      "value": 116
    },
    {
      "systemTime": "2025-08-02T03:30:00",
      "value": 120
    },
    {
      "systemTime": "2025-08-02T04:00:00",
      "value": 124
    },
    {
      "systemTime": "2025-08-02T05:30:00",
      "value": 128
    },
    {
      "systemTime": "2025-08-02T06:00:00",
      "value": 132
    },
    {
      "systemTime": "2025-08-02T07:30:00",
      "value": 136
    },
    {
      "systemTime": "2025-08-02T08:00:00",
      "value": 100
    },
    {
      "systemTime": "2025-08-02T09:30:00",
      "value": 104
    },
    {
      "systemTime": "2025-08-02T10:00:00",
      "value": 108
    },
    {
      "systemTime": "2025-08-02T11:30:00",
      "value": 112
    },
    {
      "systemTime": "2025-08-02T12:00:00",
      "value": 119
    },
    {
      "systemTime": "2025-08-02T13:30:00",
      "value": 120
    },
    {
      "systemTime": "2025-08-02T14:00:00",
      "value": 124
    },
    {
      "systemTime": "2025-08-02T15:30:00",
      "value": 128
    },
    {
      "systemTime": "2025-08-02T16:00:00",
      "value": 132
    },
    {
      "systemTime": "2025-08-02T17:30:00",
      "value": 136
    },
    {
      "systemTime": "2025-08-02T18:00:00",
      "value": 100
    },
    {
      "systemTime": "2025-08-02T19:30:00",
      "value": 104
    },
    {
      "systemTime": "2025-08-02T20:00:00",
      "value": 108
    },
    {
      "systemTime": "2025-08-02T21:30:00",
      "value": 112
    },
    {
      "systemTime": "2025-08-02T22:00:00",
      "value": 116
    },
    {
      "systemTime": "2025-08-02T23:30:00",
      "value": 120
    }
  ]
}